{
  "USA": {
    "Years": [
      1960, 1961, 1962, 1963, 1964, 1965, 1966, 1967, 1968, 1969, 1970, 1971,
      1972, 1973, 1974, 1975, 1976, 1977, 1978, 1979, 1980, 1981, 1982, 1983,
      1984, 1985, 1986, 1987, 1988, 1989, 1990, 1991, 1992, 1993, 1994, 1995,
      1996, 1997, 1998, 1999, 2000, 2001, 2002, 2003, 2004, 2005, 2006, 2007,
      2008, 2009, 2010, 2011, 2012, 2013, 2014, 2015, 2016, 2017, 2018, 2019,
      2020
    ],
    "MacroEconomics": {
      "GDPGrowthRange": [
        543300000000.0, 563300000000.0, 605100000000.0, 638600000000.0,
        685800000000.0, 743700000000.0, 815000000000.0, 861700000000.0,
        942500000000.0, 1019900000000.0, 1073300000000.0, 1164850000000.0,
        1279110000000.0, 1425380000000.0, 1545240000000.0, 1684900000000.0,
        1873410000000.0, 2081830000000.0, 2351600000000.0, 2627330000000.0,
        2857310000000.0, 3207040000000.0, 3343790000000.0, 3634040000000.0,
        4037610000000.0, 4338980000000.0, 4579630000000.0, 4855220000000.0,
        5236440000000.0, 5641580000000.0, 5963140000000.0, 6158130000000.0,
        6520330000000.0, 6858560000000.0, 7287240000000.0, 7639750000000.0,
        8073120000000.0, 8577550000000.0, 9062820000000.0, 9630660000000.0,
        10252300000000.0, 10581800000000.0, 10936400000000.0, 11458200000000.0,
        12213700000000.0, 13036600000000.0, 13814600000000.0, 14451900000000.0,
        14712800000000.0, 14448900000000.0, 14992100000000.0, 15542600000000.0,
        16197000000000.0, 16784800000000.0, 17527200000000.0, 18238300000000.0,
        18745100000000.0, 19543000000000.0, 20611900000000.0, 21433200000000.0,
        20936600000000.0
      ],
      "GPDCurrentUSD": [
        2.3,
        6.1,
        4.4,
        5.8,
        6.4,
        6.5,
        2.5,
        4.8,
        3.1,
        -0.346648734,
        3.293351653,
        5.258907331,
        5.645722571,
        -0.540551663,
        -0.205456064,
        5.388139293,
        4.624153064,
        5.53530496,
        3.166145311,
        -0.256749677,
        2.537719298,
        -1.802887407,
        4.583913364,
        7.236633158,
        4.169656215,
        3.462645977,
        3.459251985,
        4.177061284,
        3.672648159,
        1.885964958,
        -0.108264787,
        3.522440523,
        2.751781042,
        4.028793263,
        2.684217275,
        3.772565502,
        4.381775174,
        4.481407561,
        4.753235983,
        4.127484017,
        0.998340792,
        1.741695251,
        2.861210768,
        3.798891125,
        3.513213799,
        2.854972294,
        1.876171454,
        -0.136579803,
        -2.536757067,
        2.56376656,
        1.550835505,
        2.249545852,
        1.842081071,
        2.525973446,
        3.07551465,
        1.711426774,
        2.332679395,
        2.996464352,
        2.161176515,
        -3.486140408,
        ""
      ],
      "CurrentAccountBalance": [
        "",
        "",
        "",
        "",
        "",
        "",
        "",
        "",
        "",
        0.244106278,
        -0.084131004,
        -0.411223429,
        0.531789507,
        0.110015059,
        1.061188056,
        0.204973599,
        -0.725324787,
        -0.669629473,
        -0.005964223,
        0.074440723,
        0.149982492,
        -0.347121185,
        -1.216883258,
        -2.452141897,
        -2.868301506,
        -3.213665031,
        -3.308751518,
        -2.315658087,
        -1.763796667,
        -1.323999555,
        0.046296529,
        -0.791448803,
        -1.23616054,
        -1.669252924,
        -1.486449358,
        -1.544967362,
        -1.640613309,
        -2.372738757,
        -2.976139485,
        -3.920351703,
        -3.724113129,
        -4.170551601,
        -4.55826395,
        -5.206329634,
        -5.747109583,
        -5.911436634,
        -5.096603956,
        -4.734135671,
        -2.628124854,
        -2.881540026,
        -2.929352576,
        -2.58141514,
        -2.006887259,
        -2.098525502,
        -2.233519502,
        -2.106510566,
        -1.869013913,
        -2.181753513,
        -2.240577453,
        -3.091323329,
        ""
      ]
    }
  },
  "India": {
    "Years": [
      1960, 1961, 1962, 1963, 1964, 1965, 1966, 1967, 1968, 1969, 1970, 1971,
      1972, 1973, 1974, 1975, 1976, 1977, 1978, 1979, 1980, 1981, 1982, 1983,
      1984, 1985, 1986, 1987, 1988, 1989, 1990, 1991, 1992, 1993, 1994, 1995,
      1996, 1997, 1998, 1999, 2000, 2001, 2002, 2003, 2004, 2005, 2006, 2007,
      2008, 2009, 2010, 2011, 2012, 2013, 2014, 2015, 2016, 2017, 2018, 2019,
      2020
    ],
    "MacroEconomics": {
      "GDPGrowthRange": [
        37029883875.0, 39232435784.0, 42161481859.0, 48421923459.0,
        56480289941.0, 59554854575.0, 45865462034.0, 50134942203.0,
        53085455871.0, 58447995017.0, 62422483055.0, 67350988021.0,
        71463193830.0, 85515269586.0, 99525899116.0, 98472796457.0,
        102717000000.0, 121487000000.0, 137300000000.0, 152992000000.0,
        186325000000.0, 193491000000.0, 200715000000.0, 218262000000.0,
        212158000000.0, 232512000000.0, 248986000000.0, 279034000000.0,
        296589000000.0, 296042000000.0, 320979000000.0, 270105000000.0,
        288208000000.0, 279296000000.0, 327276000000.0, 360282000000.0,
        392897000000.0, 415868000000.0, 421351000000.0, 458820000000.0,
        468395000000.0, 485441000000.0, 514938000000.0, 607699000000.0,
        709149000000.0, 820382000000.0, 940260000000.0, 1216740000000.0,
        1198900000000.0, 1341890000000.0, 1675620000000.0, 1823050000000.0,
        1827640000000.0, 1856720000000.0, 2039130000000.0, 2103590000000.0,
        2294800000000.0, 2651470000000.0, 2701110000000.0, 2870500000000.0,
        2622980000000.0
      ],
      "GPDCurrentUSD": [
        3.722742533,
        2.931127737,
        5.994353261,
        7.452950122,
        -2.63577011,
        -0.05532877,
        7.82596303,
        3.387929176,
        6.539700296,
        5.157229736,
        1.642930384,
        -0.553301312,
        3.295521135,
        1.18533626,
        9.149912015,
        1.663103637,
        7.254764586,
        5.712532089,
        -5.238182703,
        6.735821528,
        6.006203624,
        3.47573324,
        7.288892901,
        3.820737856,
        5.254299223,
        4.77656417,
        3.965355634,
        9.62778292,
        5.947343328,
        5.533454563,
        1.056831433,
        5.482396022,
        4.75077622,
        6.658924067,
        7.57449184,
        7.549522249,
        4.049820849,
        6.184415821,
        8.845755561,
        3.840991157,
        4.823966264,
        3.803975321,
        7.860381476,
        7.922936613,
        7.923430621,
        8.060732573,
        7.660815065,
        3.08669806,
        7.861888833,
        8.497584702,
        5.241315001,
        5.456388753,
        6.386106401,
        7.410227605,
        7.996253786,
        8.256305502,
        6.795383419,
        6.532989011,
        4.041554187,
        -7.964610411,
        ""
      ],